session_id,url,nfig_session_id,duration,session_termination_reason,navigation_steps,session_score
fixed_0,https://webshop.nfig.ai/fixed_0,cc9eb087-7911-4325-996b-0bb1d230e752,52.211026191711426,completed,9,0.06666666666666667
fixed_1,https://webshop.nfig.ai/fixed_1,fa96dcf9-a6d6-4ad0-927f-60b8c2ec8229,35.182499408721924,completed,7,0.0
fixed_2,https://webshop.nfig.ai/fixed_2,a72d5e2d-06f0-4f5a-b577-df658339dd30,53.2072639465332,completed,9,0.5
fixed_3,https://webshop.nfig.ai/fixed_3,3ca3d1a4-8438-4d61-857d-089b109de195,30.177983045578003,completed,5,0.25
fixed_4,https://webshop.nfig.ai/fixed_4,fd5802a0-dfb9-4c51-a3a5-2112bcd60526,33.187944173812866,completed,7,0.6666666666666666
fixed_5,https://webshop.nfig.ai/fixed_5,4fd76db2-c75e-4504-a563-1715634429a2,40.19118666648865,completed,8,1.0
fixed_6,https://webshop.nfig.ai/fixed_6,905a9e1d-5dd7-4cdc-a607-3b85d4e925e3,34.18661570549011,completed,7,0.6666666666666666
fixed_7,https://webshop.nfig.ai/fixed_7,6d443469-8bf3-44b9-be75-3d051963559f,120.29325246810913,timeout,2,
fixed_8,https://webshop.nfig.ai/fixed_8,5c4c54ec-4f94-4279-a024-b6510664b7a9,31.181910276412964,completed,5,0.06666666666666667
fixed_9,https://webshop.nfig.ai/fixed_9,4f70b239-5183-4d12-8234-223703e68259,24.170763969421387,completed,5,0.6666666666666666
fixed_10,https://webshop.nfig.ai/fixed_10,7cd66935-3b1a-4bd2-9759-449799a19c11,69.23432469367981,completed,11,0.3333333333333333
fixed_11,https://webshop.nfig.ai/fixed_11,4f243846-2649-4437-b270-bb76160c7a3a,55.22395372390747,completed,9,0.6666666666666666
fixed_12,https://webshop.nfig.ai/fixed_12,be46c15c-d824-4f58-84dc-f301686c0842,44.19642949104309,completed,6,1.0
fixed_13,https://webshop.nfig.ai/fixed_13,7422aa92-15d6-466f-941c-7517876e2252,48.2045476436615,completed,9,0.25
fixed_14,https://webshop.nfig.ai/fixed_14,df57cc8d-9516-4923-b91d-10933d4be9ee,43.198140144348145,completed,7,0.6666666666666666
fixed_15,https://webshop.nfig.ai/fixed_15,9e7519c3-aa72-4ac9-b68f-33431899b4ff,30.18005895614624,completed,5,1.0
fixed_16,https://webshop.nfig.ai/fixed_16,07d64857-571c-475f-b2cb-286a0464c6de,50.20255494117737,completed,8,1.0
fixed_17,https://webshop.nfig.ai/fixed_17,6ddd0493-48f3-491d-9876-c23e607a10f9,37.19072675704956,completed,8,1.0
fixed_18,https://webshop.nfig.ai/fixed_18,33cb7d85-8bc7-4a96-9488-fa356acc961f,120.29231190681458,timeout,4,
fixed_19,https://webshop.nfig.ai/fixed_19,5dd31015-d419-4c39-acfa-e497090d1488,51.20457363128662,completed,5,0.025
fixed_20,https://webshop.nfig.ai/fixed_20,b530d6a3-5225-49d1-a834-c0afabc34000,39.19122076034546,completed,5,0.6666666666666666
