session_id,url,nfig_session_id,duration,session_termination_reason,navigation_steps,session_score
fixed_21,https://webshop.nfig.ai/fixed_21,3c237dcd-6fc3-4697-92f5-5b508e279616,60.21746039390564,completed,7,0.75
fixed_22,https://webshop.nfig.ai/fixed_22,efa9e981-cd82-435a-bf5e-8f12188d3a11,33.18663311004639,completed,7,1.0
fixed_23,https://webshop.nfig.ai/fixed_23,0da779c3-86be-4190-9e32-67e65627391d,120.29437446594238,timeout,2,
fixed_24,https://webshop.nfig.ai/fixed_24,40b4d265-31ff-4a09-be51-efc3e56a3d0d,54.220165491104126,completed,7,0.8333333333333334
fixed_25,https://webshop.nfig.ai/fixed_25,6fe9869b-8669-4481-bfc4-4b1b48b6e049,120.29966807365417,timeout,2,
fixed_26,https://webshop.nfig.ai/fixed_26,f46f7110-ddc4-4258-b750-7116a4ff03f2,40.190810680389404,completed,8,0.0
fixed_27,https://webshop.nfig.ai/fixed_27,ca4c8a61-f9ee-4ade-8f34-68838c65c0c4,39.198604345321655,completed,7,0.3333333333333333
fixed_28,https://webshop.nfig.ai/fixed_28,258b7398-b6db-468b-a82a-5a3694ba8a91,48.20513653755188,completed,8,0.6666666666666666
fixed_29,https://webshop.nfig.ai/fixed_29,7773bd40-897c-4967-9ccb-dfe4bc39bc6c,47.20364189147949,completed,9,0.06666666666666667
fixed_30,https://webshop.nfig.ai/fixed_30,e62dee71-9dce-4388-a2b1-02f4d2b5bb06,47.20182728767395,completed,9,1.0
fixed_31,https://webshop.nfig.ai/fixed_31,fc8997d6-f70c-45ad-8541-38e54be44eda,30.187215566635132,completed,5,0.5
fixed_32,https://webshop.nfig.ai/fixed_32,2b1bc0f8-0e3e-40d6-af57-aada8125cb23,33.186474323272705,completed,5,0.3333333333333333
fixed_33,https://webshop.nfig.ai/fixed_33,d1749e21-2f07-4614-83f3-199ec959ba32,45.29243874549866,completed,6,0.25
fixed_34,https://webshop.nfig.ai/fixed_34,8f8ce831-ccc5-487c-9e36-248f2c69cc82,45.20032501220703,completed,8,0.6666666666666666
fixed_35,https://webshop.nfig.ai/fixed_35,0fe832d1-4564-4995-aa24-814ef4e9aadf,31.18888282775879,completed,7,0.6666666666666666
fixed_36,https://webshop.nfig.ai/fixed_36,8b2ca72c-8cde-4c90-8237-7ed8611bc0c8,30.178730487823486,completed,5,0.6666666666666666
fixed_37,https://webshop.nfig.ai/fixed_37,36db7192-c68e-4906-ac4a-49de0d0d2814,50.204532861709595,completed,9,1.0
fixed_38,https://webshop.nfig.ai/fixed_38,71d48512-0c7b-4d35-b7d7-86c29f8072b4,32.17715525627136,completed,7,0.6666666666666666
fixed_39,https://webshop.nfig.ai/fixed_39,97ec62c3-cc92-447b-8461-4c428ecbf19b,30.180804014205933,completed,6,1.0
fixed_40,https://webshop.nfig.ai/fixed_40,260311f1-8b0b-40cb-89f9-c8f6f452e127,38.18937873840332,completed,7,0.75
fixed_41,https://webshop.nfig.ai/fixed_41,58231b55-a52c-4749-a06b-dae3baac5a7c,27.176640033721924,completed,5,1.0
fixed_42,https://webshop.nfig.ai/fixed_42,6c494a2f-8aba-4154-8c25-8f845ca669b1,44.197176933288574,completed,9,1.0
fixed_43,https://webshop.nfig.ai/fixed_43,5b7746a7-66df-413e-ab2d-cf50a6054689,66.22713327407837,completed,7,0.75
fixed_44,https://webshop.nfig.ai/fixed_44,9c28721c-9c74-4e6c-9fe9-b0ba9314eaab,120.30173444747925,timeout,2,
fixed_45,https://webshop.nfig.ai/fixed_45,d18b7b44-04c2-4f10-9970-9d893edb98a4,42.194682359695435,completed,5,0.3333333333333333
fixed_46,https://webshop.nfig.ai/fixed_46,562da897-9b1b-43bc-8165-07fc6b5d6244,38.19091486930847,completed,7,1.0
fixed_47,https://webshop.nfig.ai/fixed_47,7ae5df7b-89c0-44f0-853f-c2e95777105b,76.24166655540466,completed,7,0.2
fixed_48,https://webshop.nfig.ai/fixed_48,8b8807fa-8358-4913-a010-374023571ba9,120.2924451828003,timeout,8,
fixed_49,https://webshop.nfig.ai/fixed_49,d926bc65-fe45-4eba-a1fa-6b7b10a2c3c7,55.213804721832275,completed,7,0.5
fixed_50,https://webshop.nfig.ai/fixed_50,b9b32349-5f1f-4a36-9d69-2f75f9762688,55.212345600128174,completed,7,0.6666666666666666
