session_id,url,nfig_session_id,duration,session_termination_reason,navigation_steps,session_score
fixed_201,https://webshop.nfig.ai/fixed_201,1f81b5dd-c200-43d7-a2f1-6faf25e41c97,38.19700837135315,completed,7,0.3333333333333333
fixed_202,https://webshop.nfig.ai/fixed_202,1316aee3-0741-4fa6-a25a-3aa05a8a23c1,77.24965357780457,completed,7,1.0
fixed_203,https://webshop.nfig.ai/fixed_203,12a858a4-8868-40ae-b804-05d40813c084,39.19272756576538,completed,5,0.6666666666666666
fixed_204,https://webshop.nfig.ai/fixed_204,8fbe6963-6abf-40f0-99ca-b0c298afd3d3,46.384933948516846,completed,9,1.0
fixed_205,https://webshop.nfig.ai/fixed_205,4a81b2b3-ee6e-41fa-b3e4-8c6282e1089e,49.207642793655396,completed,8,1.0
fixed_206,https://webshop.nfig.ai/fixed_206,5defb1d8-7425-42a9-8982-ed99e76c75e3,43.20982027053833,completed,6,0.8
fixed_207,https://webshop.nfig.ai/fixed_207,7ab89c52-a0c6-4725-a608-7bb9838be7d5,36.1965754032135,completed,7,1.0
fixed_208,https://webshop.nfig.ai/fixed_208,65627ebb-ef3e-4483-b990-ae2e47aff6cb,40.19914960861206,completed,7,0.75
fixed_209,https://webshop.nfig.ai/fixed_209,84979f14-9323-4c98-a84e-3a5b7a67fa63,45.205888748168945,completed,7,0.6666666666666666
fixed_210,https://webshop.nfig.ai/fixed_210,0b01a6e0-1178-4461-a73c-ef5fbe781b7e,78.25238561630249,completed,11,0.6666666666666666
fixed_211,https://webshop.nfig.ai/fixed_211,83348a25-c684-435b-b52b-5124747f4b2e,120.30474710464478,timeout,2,
fixed_212,https://webshop.nfig.ai/fixed_212,e36778be-328a-4a82-9b6b-ab31ba9a5181,120.30343961715698,timeout,2,
fixed_213,https://webshop.nfig.ai/fixed_213,55abf256-52af-4478-a654-6624638dd031,120.30401802062988,timeout,2,
fixed_214,https://webshop.nfig.ai/fixed_214,61f58f67-d3b0-4bea-be04-ac9a018ed699,43.199979066848755,completed,7,1.0
fixed_215,https://webshop.nfig.ai/fixed_215,f7c4fae5-6640-46fe-b05c-5fb5b15f1256,37.20096278190613,completed,6,0.75
fixed_216,https://webshop.nfig.ai/fixed_216,021d4e8f-6425-4e83-93f0-531f082093c2,86.25729727745056,completed,7,0.75
fixed_217,https://webshop.nfig.ai/fixed_217,a6485f3d-d717-452b-8431-fa0852655d16,37.19515681266785,completed,6,1.0
fixed_218,https://webshop.nfig.ai/fixed_218,bac9176e-b02b-4dc4-8ee1-28a69fa38e51,42.210578203201294,completed,7,0.6666666666666666
fixed_219,https://webshop.nfig.ai/fixed_219,2a1fcb64-1f79-4540-850d-35a75fde84db,59.22443461418152,completed,5,0.25
fixed_220,https://webshop.nfig.ai/fixed_220,45fec3c1-1069-493f-88bd-d3d3cca8ad95,49.20857810974121,completed,9,1.0
fixed_221,https://webshop.nfig.ai/fixed_221,8ca7eeb5-cdf4-4b1f-8f28-bfdaf659c688,41.20090174674988,completed,6,0.5
fixed_222,https://webshop.nfig.ai/fixed_222,87c890a2-5036-4393-ae29-84e6dd52450c,48.213932275772095,completed,7,1.0
fixed_223,https://webshop.nfig.ai/fixed_223,9773088c-c132-4695-a759-6a51fd01cd29,47.209558963775635,completed,6,0.6666666666666666
fixed_224,https://webshop.nfig.ai/fixed_224,725e8a48-cfbd-4b29-a11a-10213a59a5e5,44.20197057723999,completed,7,0.3333333333333333
fixed_225,https://webshop.nfig.ai/fixed_225,7fb695ee-60b0-456a-a2be-18289ad2505a,43.20239615440369,completed,7,0.5
fixed_226,https://webshop.nfig.ai/fixed_226,59b83ebf-c905-4db4-8805-68ec2565dd38,56.220454692840576,completed,7,0.5
fixed_227,https://webshop.nfig.ai/fixed_227,59dfe0f7-df9c-4919-8e78-ef8bc126c043,120.30561137199402,timeout,4,
fixed_228,https://webshop.nfig.ai/fixed_228,99cf8c53-5ce4-4f1b-889c-4e7b0438ac17,27.185157537460327,completed,5,0.6666666666666666
fixed_229,https://webshop.nfig.ai/fixed_229,ab4cbebd-b4cb-4a39-b0aa-cc4193dd903e,70.2379903793335,completed,7,0.5
fixed_230,https://webshop.nfig.ai/fixed_230,55265a2f-5ea2-4764-afd6-98605b3f58ea,26.178746700286865,completed,5,0.75
fixed_231,https://webshop.nfig.ai/fixed_231,f986bc09-fff4-40ce-ac22-d9db13ce4341,47.21296501159668,completed,8,1.0
fixed_232,https://webshop.nfig.ai/fixed_232,89148b57-4e90-4237-8acc-cc496a687e4c,115.2957546710968,completed,7,0.03333333333333333
fixed_233,https://webshop.nfig.ai/fixed_233,28a5c190-7b6a-4c5a-aa90-f25ad5602ffa,40.19604206085205,completed,5,0.6666666666666666
fixed_234,https://webshop.nfig.ai/fixed_234,130a50da-a4d7-40b4-936f-f1c09318cc25,46.20891308784485,completed,7,0.125
fixed_235,https://webshop.nfig.ai/fixed_235,986d732d-5b53-44da-9bf1-c2d871fe0ad4,36.190338373184204,completed,5,0.6666666666666666
fixed_236,https://webshop.nfig.ai/fixed_236,b5b40fe3-32b6-4e48-943d-306aaaf16860,31.18895936012268,completed,5,0.3333333333333333
fixed_237,https://webshop.nfig.ai/fixed_237,1f67ed67-fdde-404a-83aa-3955d7a82cf2,33.186126947402954,completed,5,0.5
fixed_238,https://webshop.nfig.ai/fixed_238,1d2f5eb9-3f54-4fe3-9c77-6efd977bb5a4,81.25209546089172,completed,6,0.6666666666666666
fixed_239,https://webshop.nfig.ai/fixed_239,bfa9178c-2502-4af9-a158-7cda461fde1d,120.30411529541016,timeout,8,
fixed_240,https://webshop.nfig.ai/fixed_240,01979818-5ecd-4bc9-8725-51d83ad4cb81,40.19960021972656,completed,6,1.0
fixed_241,https://webshop.nfig.ai/fixed_241,c465bcd8-04c4-44b7-9415-2b34a9f3e779,31.18876004219055,completed,5,0.6666666666666666
fixed_242,https://webshop.nfig.ai/fixed_242,dc3e1562-6591-4fbd-b8d8-1036f173f78b,47.2064905166626,completed,7,0.3333333333333333
fixed_243,https://webshop.nfig.ai/fixed_243,fa30e6b3-6146-4b8d-a3ab-dc07c87f1e40,28.182027101516724,completed,5,0.6666666666666666
fixed_244,https://webshop.nfig.ai/fixed_244,72608c91-762b-4404-8bbf-436e6ca60af4,52.21565532684326,completed,7,0.5
fixed_245,https://webshop.nfig.ai/fixed_245,95c794c2-c02b-4447-9764-7991812f8982,34.18712139129639,completed,5,0.5
fixed_246,https://webshop.nfig.ai/fixed_246,ce5599cd-5317-4e7a-b457-2c98d28efaa9,42.19848704338074,completed,7,1.0
fixed_247,https://webshop.nfig.ai/fixed_247,85d067ac-4514-4bc6-88a4-75266fbd0d98,39.1950523853302,completed,5,0.75
fixed_248,https://webshop.nfig.ai/fixed_248,b62cf301-e1b1-48b7-bcea-aaa177b26997,120.30181312561035,timeout,6,
fixed_249,https://webshop.nfig.ai/fixed_249,d2e8cec4-fe87-49a1-b9d9-be73d448ca45,48.20897459983826,completed,7,0.06
fixed_250,https://webshop.nfig.ai/fixed_250,cf60c851-32fb-4cee-b2ab-0d5f8c06283c,38.19535160064697,completed,5,0.6666666666666666
fixed_251,https://webshop.nfig.ai/fixed_251,f19b125b-1d07-4c5c-86e5-7d3b4c974629,39.2016065120697,completed,8,1.0
fixed_252,https://webshop.nfig.ai/fixed_252,e00eb355-5515-4e13-947d-54e1ab4ec2c3,75.24510383605957,completed,8,0.07500000000000001
fixed_253,https://webshop.nfig.ai/fixed_253,c5dace4b-9f01-4624-906f-7aa6588cf2fb,35.19416069984436,completed,7,0.3333333333333333
fixed_254,https://webshop.nfig.ai/fixed_254,a8f8493a-81e8-4656-aec3-be431ab02af8,43.202386140823364,completed,7,0.8
fixed_255,https://webshop.nfig.ai/fixed_255,6032c5f3-cb6b-4250-93e8-0ab25357b37c,28.189817667007446,completed,5,0.1
fixed_256,https://webshop.nfig.ai/fixed_256,075ba45b-955d-477c-b53e-a619c18b694e,79.25100111961365,completed,5,0.6666666666666666
fixed_257,https://webshop.nfig.ai/fixed_257,81bdfeb8-bf19-4fda-8974-d649aed5a94d,33.19057512283325,completed,5,0.6666666666666666
fixed_258,https://webshop.nfig.ai/fixed_258,aa4a506a-bf4b-490e-be55-1e496d4b73f5,44.210369348526,completed,6,0.25
fixed_259,https://webshop.nfig.ai/fixed_259,bb6bf0bf-ecd3-45d1-bb4e-5a5db85f4901,66.23188161849976,completed,9,0.75
fixed_260,https://webshop.nfig.ai/fixed_260,f28bdfd2-d578-46ff-aa31-a9027bc37e96,41.200103998184204,completed,5,0.25
fixed_261,https://webshop.nfig.ai/fixed_261,d4e21342-b0af-4fe9-bb74-ec6f8ce488be,120.30446457862854,timeout,3,
fixed_262,https://webshop.nfig.ai/fixed_262,67e0269c-a936-4eef-b6d5-d00b956feeb1,56.221750020980835,completed,7,1.0
fixed_263,https://webshop.nfig.ai/fixed_263,8b8f907b-117f-4775-9d46-a1284a4cdfe9,120.30276393890381,timeout,2,
fixed_264,https://webshop.nfig.ai/fixed_264,5d2a668e-4e58-4dfa-8544-9206a7fb008a,104.2805917263031,completed,9,1.0
fixed_265,https://webshop.nfig.ai/fixed_265,83441cbb-22ae-4dac-9b08-9766ccd7bb12,49.20538949966431,completed,7,0.8
fixed_266,https://webshop.nfig.ai/fixed_266,c7c7c721-d48d-4a96-ba8b-a1dbf589ef51,30.188307762145996,completed,5,0.5
fixed_267,https://webshop.nfig.ai/fixed_267,39613084-f5da-49f0-acc5-4c8684da868b,47.207794427871704,completed,7,0.6666666666666666
fixed_268,https://webshop.nfig.ai/fixed_268,9be7aae4-9e37-4654-a357-9a75fb9ab322,120.30393600463867,timeout,7,
fixed_269,https://webshop.nfig.ai/fixed_269,556f18ce-42e4-4af3-a77c-4048c14ae1e9,42.20110726356506,completed,5,0.3333333333333333
fixed_270,https://webshop.nfig.ai/fixed_270,5ae93800-9c91-4bdf-922f-d848aadb651a,26.18421721458435,completed,5,0.6666666666666666
fixed_271,https://webshop.nfig.ai/fixed_271,068fd1c6-db45-472b-8271-b4a6ca41ef17,31.188533067703247,completed,5,0.75
fixed_272,https://webshop.nfig.ai/fixed_272,04f385a0-ca89-4077-abeb-42065199e640,105.28770160675049,completed,12,0.06666666666666667
fixed_273,https://webshop.nfig.ai/fixed_273,6357a3ea-bede-4e67-b41a-e75e47102c8c,120.30554986000061,timeout,3,
fixed_274,https://webshop.nfig.ai/fixed_274,437cdd4f-1246-4949-bdfe-bb63d01a5945,46.20465064048767,completed,7,0.6
fixed_275,https://webshop.nfig.ai/fixed_275,50847cab-6fdb-4c60-b0a5-be9218796a8b,44.20379161834717,completed,7,0.6666666666666666
fixed_276,https://webshop.nfig.ai/fixed_276,2ee729b5-c452-4f1b-abf0-a2b04a479288,41.203938484191895,completed,7,0.75
fixed_277,https://webshop.nfig.ai/fixed_277,9faf667d-8c80-4a67-b605-3c5b60bae2e4,120.30031538009644,timeout,10,
fixed_278,https://webshop.nfig.ai/fixed_278,cfaaf221-2ae3-43ed-b193-9a7790909cdb,44.202218532562256,completed,6,0.1
fixed_279,https://webshop.nfig.ai/fixed_279,f06b6b64-c93e-4fcb-83c4-1804859b1c68,28.182554721832275,completed,5,0.5
fixed_280,https://webshop.nfig.ai/fixed_280,4ff08bf2-a865-4489-a05a-0090cbe223cc,39.194777488708496,completed,9,1.0
fixed_281,https://webshop.nfig.ai/fixed_281,f66911b9-003d-46fa-b0db-395dd7d42242,58.218502044677734,completed,7,0.6666666666666666
fixed_282,https://webshop.nfig.ai/fixed_282,a208ea59-d7fa-47ee-a865-5c33c605b1a5,32.18547177314758,completed,5,1.0
fixed_283,https://webshop.nfig.ai/fixed_283,5a408d38-cc41-428b-a859-edbead4a7325,71.23961067199707,completed,6,0.75
fixed_284,https://webshop.nfig.ai/fixed_284,6b0452f8-3a40-49ad-bcef-f8a47332a2b4,44.201495885849,completed,7,1.0
fixed_285,https://webshop.nfig.ai/fixed_285,f19d1a2d-7cbf-4e29-b848-125aa38b0194,42.20090174674988,completed,7,0.6666666666666666
fixed_286,https://webshop.nfig.ai/fixed_286,cc028879-ea24-458a-8ab1-d95f228174d2,40.201058864593506,completed,7,0.75
fixed_287,https://webshop.nfig.ai/fixed_287,d16529d7-3721-4c2f-b47f-f387fca378dd,73.23944997787476,completed,7,1.0
fixed_288,https://webshop.nfig.ai/fixed_288,f83fa69c-4267-4df5-b12b-1fbab8cd81f0,45.20757460594177,completed,7,0.03333333333333333
fixed_289,https://webshop.nfig.ai/fixed_289,462ee0d4-304c-45cc-931c-9fa1d839a3f4,31.185431718826294,completed,5,1.0
fixed_290,https://webshop.nfig.ai/fixed_290,4a594bbe-7c44-418d-873d-0881258fe13f,29.195676565170288,completed,5,0.5
fixed_291,https://webshop.nfig.ai/fixed_291,893a9d18-0de7-4cde-984b-f6e4c5de6994,120.30501341819763,timeout,2,
fixed_292,https://webshop.nfig.ai/fixed_292,db6d6f27-94be-4068-a304-8a196ca32dbd,37.1969358921051,completed,7,0.6666666666666666
fixed_293,https://webshop.nfig.ai/fixed_293,c85b8d6b-b0d0-4f27-985a-ca22a470f406,51.209712505340576,completed,7,1.0
fixed_294,https://webshop.nfig.ai/fixed_294,8fed2747-faac-4fac-8b3c-40607f60bef0,120.29864048957825,timeout,4,
fixed_295,https://webshop.nfig.ai/fixed_295,2e04f141-7a9e-41aa-86ea-ad4803e5ddae,34.187928199768066,completed,5,1.0
fixed_296,https://webshop.nfig.ai/fixed_296,c7414073-9eb2-49f3-b14b-c8b612b84652,41.20299172401428,completed,5,0.5
fixed_297,https://webshop.nfig.ai/fixed_297,c0cd0656-1b4f-4d7b-921f-7f3e9d8048b5,29.186500072479248,completed,5,0.6666666666666666
fixed_298,https://webshop.nfig.ai/fixed_298,fab8a6a6-450b-42e4-a0b7-30b3bd99f4ab,36.19513750076294,completed,6,1.0
fixed_299,https://webshop.nfig.ai/fixed_299,a34db701-968c-4be1-9352-3216135738db,48.21048021316528,completed,6,0.8
fixed_300,https://webshop.nfig.ai/fixed_300,f3729961-56b7-40bc-bc5d-b66d299efe55,48.20432472229004,completed,6,0.5
fixed_301,https://webshop.nfig.ai/fixed_301,877a3427-ffff-43bc-801f-89b09094311b,49.213462591171265,completed,6,0.5
fixed_302,https://webshop.nfig.ai/fixed_302,69748800-fed7-4a90-9dd6-be0cd5bca8dc,28.182179927825928,completed,5,0.6666666666666666
fixed_303,https://webshop.nfig.ai/fixed_303,864fd494-e405-4eb0-8f55-6759c4a7026e,30.18324589729309,completed,5,0.3333333333333333
fixed_304,https://webshop.nfig.ai/fixed_304,fcc299c7-f3fa-4fe6-8e84-ae6ac47f5721,27.179701566696167,completed,5,0.6666666666666666
fixed_305,https://webshop.nfig.ai/fixed_305,6591ea27-73aa-494f-9d2d-d5da3c26cb23,120.30465817451477,timeout,2,
fixed_306,https://webshop.nfig.ai/fixed_306,8e69c1de-f223-4e9b-b588-0ac8bf40fc18,37.19068646430969,completed,9,1.0
fixed_307,https://webshop.nfig.ai/fixed_307,0d098100-9052-4e68-a722-4418ffc6cca3,38.20199632644653,completed,6,1.0
fixed_308,https://webshop.nfig.ai/fixed_308,91ddb7dc-7f0e-4c78-83d9-4695b7ca19b5,43.20313572883606,completed,8,0.25
fixed_309,https://webshop.nfig.ai/fixed_309,2b1421ae-f224-4b0f-8d36-4b371d9f881c,36.19350481033325,completed,6,1.0
fixed_310,https://webshop.nfig.ai/fixed_310,043c2f7a-e59b-4ad2-9407-d5d32f6cfcde,36.19141507148743,completed,6,0.75
fixed_311,https://webshop.nfig.ai/fixed_311,6ae672bd-0636-4cce-be65-9ad670bafdf2,44.20504403114319,completed,9,0.5
fixed_312,https://webshop.nfig.ai/fixed_312,1f568bc0-20a9-4d8e-8f0f-e9fb02a35fe4,34.196319580078125,completed,7,0.75
fixed_313,https://webshop.nfig.ai/fixed_313,d4bdee95-7a72-45e4-affb-a9a826e7194b,53.214930295944214,completed,5,0.0
fixed_314,https://webshop.nfig.ai/fixed_314,154ae31f-01aa-4fcd-9b04-53296eb0c76d,120.30125284194946,timeout,8,
fixed_315,https://webshop.nfig.ai/fixed_315,01d769e1-23fd-491d-9292-122af8aa220c,57.21900010108948,completed,7,0.3333333333333333
fixed_316,https://webshop.nfig.ai/fixed_316,c158edaf-f258-4d49-a859-665a237030cf,48.20602750778198,completed,9,1.0
fixed_317,https://webshop.nfig.ai/fixed_317,6a140c87-7d9a-4bb4-9f67-bf9da9d02cc9,31.193464756011963,completed,5,0.6666666666666666
fixed_318,https://webshop.nfig.ai/fixed_318,aa06b9e4-d2d5-401a-b2f5-18fc9c2d3b19,32.19716954231262,completed,7,0.5
fixed_319,https://webshop.nfig.ai/fixed_319,166e2c43-ef69-472a-ad2d-9a1f0fcac204,53.22260570526123,completed,7,0.25
fixed_320,https://webshop.nfig.ai/fixed_320,aab0441d-3113-4cf2-a81a-5daa31c8689d,38.1949508190155,completed,7,0.42857142857142855
fixed_321,https://webshop.nfig.ai/fixed_321,8a84d8d7-2db3-4c52-b638-c3e842ce7e43,35.19115328788757,completed,6,0.8
fixed_322,https://webshop.nfig.ai/fixed_322,0cd69dc1-64c5-49aa-a3b2-18a6334b04c7,21.169344425201416,completed,5,0.6
fixed_323,https://webshop.nfig.ai/fixed_323,3662c598-033e-4a50-8e30-1604f06ea42a,39.196855783462524,completed,6,1.0
fixed_324,https://webshop.nfig.ai/fixed_324,,120.30041337013245,timeout,1,
fixed_325,https://webshop.nfig.ai/fixed_325,82d3178c-6002-4c80-8af1-c97be19a44a3,31.185630559921265,completed,5,0.6666666666666666
fixed_326,https://webshop.nfig.ai/fixed_326,55547faa-2ed1-49e6-9803-5c866a85807b,24.177393436431885,completed,5,1.0
fixed_327,https://webshop.nfig.ai/fixed_327,f6674026-6a44-4793-bf79-f415f110b710,36.19272494316101,completed,7,0.5
fixed_328,https://webshop.nfig.ai/fixed_328,6800bb35-d751-4ba5-8d43-2880dd2cd106,40.197678089141846,completed,6,1.0
fixed_329,https://webshop.nfig.ai/fixed_329,38222e5d-e678-49a3-8a32-005d0b123196,31.196633338928223,completed,5,0.6666666666666666
fixed_330,https://webshop.nfig.ai/fixed_330,30fee6ac-0baf-415e-b831-524b1a8b3a09,46.204251289367676,completed,5,0.0
fixed_331,https://webshop.nfig.ai/fixed_331,2feca5dc-cc37-4427-9520-a374f19566e8,38.19487404823303,completed,7,1.0
fixed_332,https://webshop.nfig.ai/fixed_332,60e69385-193b-4b06-b0b2-ef1ffd0861cb,42.20175290107727,completed,8,0.75
fixed_333,https://webshop.nfig.ai/fixed_333,388e88d4-0fdd-415b-b008-319aabee16e2,39.2129008769989,completed,5,1.0
fixed_334,https://webshop.nfig.ai/fixed_334,28986911-62a7-4631-922a-ab1a87b54544,53.21617889404297,completed,8,0.6666666666666666
fixed_335,https://webshop.nfig.ai/fixed_335,e27a6d06-8af3-470d-b402-a191e62573d7,84.26006484031677,completed,10,1.0
fixed_336,https://webshop.nfig.ai/fixed_336,4c750227-8f69-479f-8c0a-09fe93a94d6f,67.23734331130981,completed,11,0.6666666666666666
fixed_337,https://webshop.nfig.ai/fixed_337,3bc537e4-e9bb-4640-94c1-8bc9d8b7a97b,31.185054063796997,completed,5,0.1
fixed_338,https://webshop.nfig.ai/fixed_338,7d4ef711-e1b3-4fad-b4e6-e1c40d63053f,37.193686723709106,completed,7,0.6666666666666666
fixed_339,https://webshop.nfig.ai/fixed_339,37ac3db6-8588-48b2-9a38-c9b9165e8a2c,27.190853357315063,completed,5,0.5
fixed_340,https://webshop.nfig.ai/fixed_340,86d7127e-4262-488f-8cc9-5bddcc5a6505,42.19930982589722,completed,6,0.6666666666666666
fixed_341,https://webshop.nfig.ai/fixed_341,8e56b6db-ccc1-45ed-8389-ca61acac198f,28.181728839874268,completed,5,1.0
fixed_342,https://webshop.nfig.ai/fixed_342,00bdc83e-b073-4e35-ac7b-bc0bf1142b72,21.17301630973816,completed,5,1.0
fixed_343,https://webshop.nfig.ai/fixed_343,79edc57c-7a03-4313-b04e-ba39479f703d,28.17938256263733,completed,5,0.5
fixed_344,https://webshop.nfig.ai/fixed_344,97164aa5-7249-41de-9580-33299e5c0a73,35.19641733169556,completed,6,1.0
fixed_345,https://webshop.nfig.ai/fixed_345,6a6fe75f-f0e2-482c-ab3b-b576e6fac6aa,34.189831495285034,completed,7,0.3333333333333333
fixed_346,https://webshop.nfig.ai/fixed_346,f3ff7df1-bbe9-468c-9bb3-27c17623cc5b,43.20215725898743,completed,8,0.5
fixed_347,https://webshop.nfig.ai/fixed_347,5677b141-10c5-4214-bdc2-4cff41f116e9,35.19168758392334,completed,7,0.025
fixed_348,https://webshop.nfig.ai/fixed_348,fe874bf2-497e-4ca0-96ae-a905339483a9,78.25167894363403,completed,5,0.75
fixed_349,https://webshop.nfig.ai/fixed_349,5f2dd843-620d-4a54-a7d3-b58350b12480,41.19799280166626,completed,6,0.0
fixed_350,https://webshop.nfig.ai/fixed_350,bc293007-8f16-4301-bd74-74b73c0d93a0,48.21126627922058,completed,9,1.0
fixed_351,https://webshop.nfig.ai/fixed_351,452f494d-7479-4ee2-a399-96f95dee8da9,34.18826103210449,completed,7,0.6666666666666666
fixed_352,https://webshop.nfig.ai/fixed_352,4c65739c-ce32-4307-aa5b-9ef020d56477,48.21019268035889,completed,8,0.6666666666666666
fixed_353,https://webshop.nfig.ai/fixed_353,4739eb45-b374-44f4-a56b-bddcae58a247,34.188719749450684,completed,7,1.0
fixed_354,https://webshop.nfig.ai/fixed_354,19bf6836-061d-4ce3-bdea-8c9a785ec96e,29.18608570098877,completed,5,0.5
fixed_355,https://webshop.nfig.ai/fixed_355,3588c904-2c8d-4549-bad4-e7b4b63dac28,75.24544048309326,completed,5,1.0
fixed_356,https://webshop.nfig.ai/fixed_356,b6c2cb71-3510-43cc-ab61-d55e6056628c,120.30135107040405,timeout,2,
fixed_357,https://webshop.nfig.ai/fixed_357,40c2ad8f-d46d-4284-9d15-6500c672df5e,61.223578691482544,completed,5,0.25
fixed_358,https://webshop.nfig.ai/fixed_358,c663b62e-8079-44a2-a14f-44d40b250ae1,43.19926953315735,completed,8,0.6666666666666666
fixed_359,https://webshop.nfig.ai/fixed_359,0afe1a55-239e-4d75-a800-378778b1edfe,30.19269371032715,completed,5,0.75
fixed_360,https://webshop.nfig.ai/fixed_360,54e2ba53-67f6-4683-9a3c-96ae2aefaff9,30.187549114227295,completed,5,0.0
fixed_361,https://webshop.nfig.ai/fixed_361,88d17913-6565-4096-81bc-6264c0b08055,24.175795793533325,completed,5,0.5
fixed_362,https://webshop.nfig.ai/fixed_362,25e286a4-6096-40f9-9a17-52589b3ca656,105.28512287139893,completed,15,0.1
fixed_363,https://webshop.nfig.ai/fixed_363,0ffc5114-b1c3-4702-b893-aa31d6a9a48a,40.19696044921875,completed,6,0.03333333333333333
fixed_364,https://webshop.nfig.ai/fixed_364,9f04a92f-9ef7-4338-852b-d96ef032dabe,120.30705046653748,timeout,3,
fixed_365,https://webshop.nfig.ai/fixed_365,325d2b4b-63dc-4a68-9272-fc3a0f49c1e6,30.18451428413391,completed,5,0.5
fixed_366,https://webshop.nfig.ai/fixed_366,9e5e7e96-f7b4-46b3-962a-64c27b328a76,30.191608428955078,completed,5,0.3333333333333333
fixed_367,https://webshop.nfig.ai/fixed_367,abbcc025-2540-45a1-8ca9-f74aa3d4b94d,46.203131914138794,completed,8,0.1
fixed_368,https://webshop.nfig.ai/fixed_368,aeabeb4f-7155-4e65-8305-94b8ee45340d,24.17464327812195,completed,5,1.0
fixed_369,https://webshop.nfig.ai/fixed_369,a7a32811-fb06-4ed0-b6db-21aa6499eb6e,29.184530019760132,completed,5,0.6666666666666666
fixed_370,https://webshop.nfig.ai/fixed_370,048b21e0-ec20-4d1f-a009-c53df952c0c2,61.22570323944092,completed,9,0.75
fixed_371,https://webshop.nfig.ai/fixed_371,8d47538c-2d1a-43ab-961f-448a6ec7d203,34.18719696998596,completed,5,0.75
fixed_372,https://webshop.nfig.ai/fixed_372,6d7856c3-e8d5-47bf-82b8-2e086e4fc711,38.19868731498718,completed,5,0.4
fixed_373,https://webshop.nfig.ai/fixed_373,34da2fe9-f9ac-453f-97bb-dcbeb9ac380a,37.19317579269409,completed,7,0.6666666666666666
fixed_374,https://webshop.nfig.ai/fixed_374,f164fd1f-62ee-4922-97b9-6ccad9306da2,46.21039295196533,completed,7,0.3333333333333333
fixed_375,https://webshop.nfig.ai/fixed_375,60b54507-fdae-42c3-83e8-2c2772e47443,73.24480056762695,completed,6,1.0
fixed_376,https://webshop.nfig.ai/fixed_376,5caf4e6e-aac0-4c92-9daa-359b1d3f34ad,120.30333256721497,timeout,7,
fixed_377,https://webshop.nfig.ai/fixed_377,e0b4e8c0-5277-4c22-8449-049b523a19e2,25.176994562149048,completed,5,0.06666666666666667
fixed_378,https://webshop.nfig.ai/fixed_378,27876ac9-f01b-4c0f-bd3c-7abe2e09367c,37.19201397895813,completed,5,0.05
fixed_379,https://webshop.nfig.ai/fixed_379,02106abf-3a41-4f4b-a22c-9b76a2046264,36.193920850753784,completed,6,0.5
fixed_380,https://webshop.nfig.ai/fixed_380,339820f2-33d6-499b-a0d6-21ee80198cd4,40.199843645095825,completed,7,0.75
fixed_381,https://webshop.nfig.ai/fixed_381,da598359-ef7f-4049-9b3f-6e44c5be5567,54.21712517738342,completed,5,0.6666666666666666
fixed_382,https://webshop.nfig.ai/fixed_382,6f6c4ace-1a23-42d8-8f9b-14956bf9648d,34.19069170951843,completed,5,0.3333333333333333
fixed_383,https://webshop.nfig.ai/fixed_383,b6af2ac9-ce58-4a92-ab10-dc0d9b5fc12d,44.202277183532715,completed,8,1.0
fixed_384,https://webshop.nfig.ai/fixed_384,8434150b-e2a1-4e30-b517-9894ea0c7263,59.224260091781616,completed,7,0.5
fixed_385,https://webshop.nfig.ai/fixed_385,cb5df76c-882f-4160-9ff7-1f8ffd6ce8d2,120.30236148834229,timeout,5,
fixed_386,https://webshop.nfig.ai/fixed_386,12a16830-b418-4c9e-8716-1f1ba6d96873,120.30237770080566,timeout,2,
fixed_387,https://webshop.nfig.ai/fixed_387,42c5ff6b-ec82-4d62-af05-b3bd5a16c718,35.19373345375061,completed,7,1.0
fixed_388,https://webshop.nfig.ai/fixed_388,dfb8a313-c06a-49f2-b5f4-28aa49915fe6,46.20644664764404,completed,8,0.6666666666666666
fixed_389,https://webshop.nfig.ai/fixed_389,88baa8e6-2c68-4313-aa95-e1ab86e42e02,47.208935022354126,completed,7,0.0
fixed_390,https://webshop.nfig.ai/fixed_390,be8889b6-bbc6-4bb7-8ac7-4fb3974519dc,35.192638874053955,completed,6,1.0
fixed_391,https://webshop.nfig.ai/fixed_391,c230fb93-9129-4850-a4fc-3fc0bc91614e,85.25994968414307,completed,11,0.025
fixed_392,https://webshop.nfig.ai/fixed_392,d06092e0-57e2-4601-b554-6317eda17e21,53.212913274765015,completed,6,0.0
fixed_393,https://webshop.nfig.ai/fixed_393,39c76e2f-ecad-493f-a77a-055edfda7cd6,90.26434683799744,completed,10,1.0
fixed_394,https://webshop.nfig.ai/fixed_394,cfb9856f-2dbe-4757-aa09-3d8422afc6e8,34.191224336624146,completed,6,0.5
fixed_395,https://webshop.nfig.ai/fixed_395,527a4b47-2f10-42d5-b95c-1708b8cbdc36,39.19597005844116,completed,7,1.0
fixed_396,https://webshop.nfig.ai/fixed_396,236a1130-b6cb-4096-beb3-4f9371f3c4d6,36.188642263412476,completed,6,1.0
fixed_397,https://webshop.nfig.ai/fixed_397,79514970-cb29-4f6a-b77d-138233b8f145,26.182069063186646,completed,5,0.03333333333333333
fixed_398,https://webshop.nfig.ai/fixed_398,083029f1-cd9b-46a7-9365-fc7dc0959e0c,31.186511516571045,completed,5,1.0
fixed_399,https://webshop.nfig.ai/fixed_399,1d6a46f2-f48b-4318-a744-153d479eb3c5,34.192912340164185,completed,5,1.0
fixed_400,https://webshop.nfig.ai/fixed_400,33da1106-e243-4c11-9d1b-a4c4fb5e8ad2,30.180819511413574,completed,5,0.25
fixed_401,https://webshop.nfig.ai/fixed_401,942d5849-245c-4b31-a035-053cc32062d6,36.19784927368164,completed,7,0.75
fixed_402,https://webshop.nfig.ai/fixed_402,3caf8597-6b0b-4e8a-a8ec-c70e2307c49c,55.2158625125885,completed,6,0.6666666666666666
fixed_403,https://webshop.nfig.ai/fixed_403,f6e8ff4d-fa80-428d-a62f-27a1e01facfc,40.19706106185913,completed,6,1.0
fixed_404,https://webshop.nfig.ai/fixed_404,dcd608ca-151a-47eb-9ad3-56d808e24ecb,41.19867277145386,completed,6,1.0
fixed_405,https://webshop.nfig.ai/fixed_405,e39f814f-a205-408b-bc19-d4436379fa8e,34.18900227546692,completed,7,0.06666666666666667
fixed_406,https://webshop.nfig.ai/fixed_406,6b167b01-2de1-4323-8f18-c44a95c45d27,38.19654941558838,completed,6,1.0
fixed_407,https://webshop.nfig.ai/fixed_407,87fe67f8-c2a0-46f5-97b9-7282e8220ecc,31.18026065826416,completed,5,0.6666666666666666
fixed_408,https://webshop.nfig.ai/fixed_408,35fbee9e-d9bc-47b0-8f36-37b4607c62c9,52.213202476501465,completed,9,0.8333333333333334
fixed_409,https://webshop.nfig.ai/fixed_409,64c73645-5a96-43c4-94bc-f6fc382e4ab4,120.30886173248291,timeout,4,
fixed_410,https://webshop.nfig.ai/fixed_410,4fdc65e6-6cc3-4480-9597-2e0f00d755e8,44.199899196624756,completed,6,0.6666666666666666
fixed_411,https://webshop.nfig.ai/fixed_411,b005d872-d1e2-45ad-99be-56fb77c6df05,34.191914319992065,completed,6,0.1
fixed_412,https://webshop.nfig.ai/fixed_412,6ac6222d-8766-4f42-8e11-7fe116233e06,50.21136498451233,completed,8,0.6666666666666666
fixed_413,https://webshop.nfig.ai/fixed_413,afc4fe9d-5d11-4142-bd6f-56fcc44985d3,34.188780784606934,completed,5,0.5
fixed_414,https://webshop.nfig.ai/fixed_414,2d692350-1dfc-4d03-9f93-e93bc9d8b649,44.2014102935791,completed,8,0.6
fixed_415,https://webshop.nfig.ai/fixed_415,c022b76a-57c2-4d19-a0c2-5d7bf2ed9242,47.20660972595215,completed,9,1.0
fixed_416,https://webshop.nfig.ai/fixed_416,cbf2aeda-2808-45c9-9161-c36b1d5e29c5,34.191343784332275,completed,5,0.75
fixed_417,https://webshop.nfig.ai/fixed_417,083d177c-658c-479c-b1a4-38b691a407a1,120.30269408226013,timeout,2,
fixed_418,https://webshop.nfig.ai/fixed_418,7f88df1e-1775-4c15-a4fc-fec46433e110,120.30282878875732,timeout,11,
fixed_419,https://webshop.nfig.ai/fixed_419,01f4587e-28f9-42fb-8cce-34842980d6f6,120.30388188362122,timeout,7,
fixed_420,https://webshop.nfig.ai/fixed_420,5b3112e3-0d17-4f2b-a6de-535da243f18a,45.20234727859497,completed,9,0.0
fixed_421,https://webshop.nfig.ai/fixed_421,8e7ed624-d6c7-4fc6-ac46-faedff13959e,40.198543548583984,completed,5,1.0
fixed_422,https://webshop.nfig.ai/fixed_422,7def2725-091d-49a5-9fa9-37905ab7a415,45.201995849609375,completed,8,1.0
fixed_423,https://webshop.nfig.ai/fixed_423,61c141dc-8ede-417f-be0b-987f88aee049,43.200297832489014,completed,8,0.6666666666666666
fixed_424,https://webshop.nfig.ai/fixed_424,6be5ad3a-da4c-4c59-a50c-d578423e5647,120.30461144447327,timeout,7,
fixed_425,https://webshop.nfig.ai/fixed_425,5c4bb1db-58a4-4731-bb3b-986f7fc778fa,120.3013756275177,timeout,2,
fixed_426,https://webshop.nfig.ai/fixed_426,e513c8a7-3273-408e-9cd3-086e65bd3ba6,34.189958333969116,completed,6,0.3333333333333333
fixed_427,https://webshop.nfig.ai/fixed_427,d6d57429-1775-433b-8e89-c78b5ba13b3c,39.19407796859741,completed,6,0.5
fixed_428,https://webshop.nfig.ai/fixed_428,47a1916d-196d-4d24-9151-2b7bab4599d6,29.183976888656616,completed,5,1.0
fixed_429,https://webshop.nfig.ai/fixed_429,259355d5-651a-42eb-9a58-4f5358d58fe2,43.205739974975586,completed,8,1.0
fixed_430,https://webshop.nfig.ai/fixed_430,6ae34dbd-fe41-479b-980b-52145a06ce7c,33.187678813934326,completed,7,0.6666666666666666
fixed_431,https://webshop.nfig.ai/fixed_431,ae0fc478-6f02-4e51-8946-fddb94fc1441,88.2607250213623,completed,9,0.75
fixed_432,https://webshop.nfig.ai/fixed_432,9bce5617-fcdc-4e7d-81f6-106b78b8e6df,70.25092601776123,completed,9,1.0
fixed_433,https://webshop.nfig.ai/fixed_433,bd826c5d-8dd1-4376-b276-92efe8347200,34.19054126739502,completed,5,1.0
fixed_434,https://webshop.nfig.ai/fixed_434,66f5f95f-71e6-4fa1-bd56-70bec8793fa5,48.21005320549011,completed,5,0.25
fixed_435,https://webshop.nfig.ai/fixed_435,1d1fa1b8-810d-49f3-8b4d-0ee6ccb3c235,38.19649839401245,completed,7,0.6666666666666666
fixed_436,https://webshop.nfig.ai/fixed_436,5b32eeae-f699-4644-b163-42e2ee461504,22.177716732025146,completed,5,0.6666666666666666
fixed_437,https://webshop.nfig.ai/fixed_437,d5b20bdc-3fcc-4728-ab60-2fbeaf88dec6,46.20746445655823,completed,8,1.0
fixed_438,https://webshop.nfig.ai/fixed_438,96c7767c-8600-447b-bd1d-f29021dade9a,38.20001554489136,completed,6,0.6666666666666666
fixed_439,https://webshop.nfig.ai/fixed_439,31063857-f4c2-45f1-b967-a466ddbf941b,33.200464487075806,completed,7,0.5
fixed_440,https://webshop.nfig.ai/fixed_440,da27361b-102f-43d0-95d6-835ea978260b,43.21210503578186,completed,6,1.0
fixed_441,https://webshop.nfig.ai/fixed_441,da3591a2-d251-4479-9f0f-727bb2962cbc,36.191465616226196,completed,7,0.5
fixed_442,https://webshop.nfig.ai/fixed_442,5a9752c0-e75e-44c3-9ec8-c32723f4e0cb,31.187780380249023,completed,5,0.25
fixed_443,https://webshop.nfig.ai/fixed_443,487d2e50-3bac-44f7-be38-4e632ace707a,41.195610761642456,completed,7,0.6666666666666666
fixed_444,https://webshop.nfig.ai/fixed_444,b6370255-8ac6-4909-9fa5-31b47dcf9bba,120.30254745483398,timeout,11,
fixed_445,https://webshop.nfig.ai/fixed_445,0b70252b-273e-4e66-942d-5542bab57d3c,33.18632411956787,completed,5,0.6666666666666666
fixed_446,https://webshop.nfig.ai/fixed_446,1c5b40de-be2e-4d56-b569-51421f83dedf,46.205326080322266,completed,7,0.75
fixed_447,https://webshop.nfig.ai/fixed_447,dce72eda-84d2-47c6-8a73-3dd324874afb,84.2575991153717,completed,11,0.0
fixed_448,https://webshop.nfig.ai/fixed_448,636b2f94-0110-4a41-873e-d03a2a1ecf59,40.202943325042725,completed,7,0.07500000000000001
fixed_449,https://webshop.nfig.ai/fixed_449,ada0b050-10c7-4b73-bfca-2a457db90e04,120.30124831199646,timeout,5,
fixed_450,https://webshop.nfig.ai/fixed_450,408ba6f7-270c-4697-9d51-79584b4f6e47,86.25781846046448,completed,12,1.0
fixed_451,https://webshop.nfig.ai/fixed_451,f55af29f-6906-4074-b101-3305a69a2a00,38.194257497787476,completed,7,0.5
fixed_452,https://webshop.nfig.ai/fixed_452,1a87bf19-40c2-4b1e-9331-1dc69e5ae474,67.23823475837708,completed,8,1.0
fixed_453,https://webshop.nfig.ai/fixed_453,1eada13f-570d-491f-9340-ed7c0457568d,120.30029845237732,timeout,7,
fixed_454,https://webshop.nfig.ai/fixed_454,619070fd-2be9-4df2-94d0-4ba6b55a91a5,32.18497276306152,completed,5,0.75
fixed_455,https://webshop.nfig.ai/fixed_455,bba79e3f-2cf6-447f-9942-0c56288c727e,62.2334086894989,completed,5,0.3333333333333333
fixed_456,https://webshop.nfig.ai/fixed_456,a7ff27ce-c10d-43c3-bf52-1ba11d87ae72,43.202290773391724,completed,7,1.0
fixed_457,https://webshop.nfig.ai/fixed_457,e2eba40b-ea5a-4362-9199-7d7abfc18ef3,57.22632145881653,completed,6,1.0
fixed_458,https://webshop.nfig.ai/fixed_458,f10acdf4-4a54-43b7-ae27-262d2d527e50,120.30160808563232,timeout,2,
fixed_459,https://webshop.nfig.ai/fixed_459,db1fae03-6cbe-423d-96ba-d0b1a97e11bc,35.19166421890259,completed,6,0.75
fixed_460,https://webshop.nfig.ai/fixed_460,2fe1d076-d956-4a24-a3aa-afa156fe474f,76.24732804298401,completed,6,0.75
fixed_461,https://webshop.nfig.ai/fixed_461,4ea950ab-e1ab-4f0b-a211-9b1bd090a71c,36.19315767288208,completed,7,1.0
fixed_462,https://webshop.nfig.ai/fixed_462,610ff7e0-450a-4370-a2f4-48193e931c22,49.20989179611206,completed,8,0.3333333333333333
fixed_463,https://webshop.nfig.ai/fixed_463,fb49fc38-5159-43e3-832f-ff33c0aae62a,48.21266746520996,completed,7,0.8
fixed_464,https://webshop.nfig.ai/fixed_464,cdc8c8e1-0fec-4b3a-b1ef-2b55d1d53d45,39.19309449195862,completed,7,0.6666666666666666
fixed_465,https://webshop.nfig.ai/fixed_465,d845e3ec-d9c9-4227-8145-1a401f78e308,29.184427499771118,completed,5,0.025
fixed_466,https://webshop.nfig.ai/fixed_466,f833e377-5426-4779-b187-95bfdb112c0b,50.20872521400452,completed,8,0.6666666666666666
fixed_467,https://webshop.nfig.ai/fixed_467,5acb0c24-2681-4d25-84a9-00e4f875c58f,33.18724513053894,completed,7,1.0
fixed_468,https://webshop.nfig.ai/fixed_468,817b9b21-a15c-4bc5-b4f6-1ddb2b575ce9,44.205564975738525,completed,6,1.0
fixed_469,https://webshop.nfig.ai/fixed_469,3e84a5b1-ef4e-4130-b2ef-b0bf7337b504,84.25530958175659,completed,7,0.16666666666666666
fixed_470,https://webshop.nfig.ai/fixed_470,e7b48a92-9430-4b0b-bd16-5a7faa77bba0,37.2147159576416,completed,6,0.5
fixed_471,https://webshop.nfig.ai/fixed_471,7b61a580-87a5-4018-ae5e-cfb58de34c65,50.213024377822876,completed,8,1.0
fixed_472,https://webshop.nfig.ai/fixed_472,5c16ce75-d89f-4f71-bb27-922a16a275e6,31.187307596206665,completed,5,0.5
fixed_473,https://webshop.nfig.ai/fixed_473,d956fc7b-0f26-4700-b425-1067b9937ebf,101.28087162971497,completed,10,0.6666666666666666
fixed_474,https://webshop.nfig.ai/fixed_474,af5544fc-8b48-423c-9e1b-fea046310954,38.21026372909546,completed,6,1.0
fixed_475,https://webshop.nfig.ai/fixed_475,cc072689-4747-48fb-a26f-e7c403c8cf33,44.20324897766113,completed,7,0.0
fixed_476,https://webshop.nfig.ai/fixed_476,881acb2e-c849-48a9-81cb-6cf13fc60347,32.18675351142883,completed,5,0.0
fixed_477,https://webshop.nfig.ai/fixed_477,59631609-303d-4f59-ae0a-c4097231f524,38.19621253013611,completed,7,0.75
fixed_478,https://webshop.nfig.ai/fixed_478,48c64d96-fff8-4cda-8396-7431adbbd9d7,28.180174112319946,completed,5,0.5
fixed_479,https://webshop.nfig.ai/fixed_479,e12229a3-6ab6-48ed-99a6-5a5ba952b8d4,120.307443857193,timeout,5,
fixed_480,https://webshop.nfig.ai/fixed_480,f870dc65-1a24-483a-b83f-61644be039bd,27.18205428123474,completed,5,0.3333333333333333
fixed_481,https://webshop.nfig.ai/fixed_481,83651b96-b28b-45ae-9e05-60cb5621bc75,70.24057579040527,completed,7,1.0
fixed_482,https://webshop.nfig.ai/fixed_482,69611553-656a-45a0-a3c4-e5b56b7ee8bd,37.19051957130432,completed,7,0.3333333333333333
fixed_483,https://webshop.nfig.ai/fixed_483,b328098f-77ec-42ee-a2dd-1e5e6940471a,49.207876682281494,completed,7,0.5
fixed_484,https://webshop.nfig.ai/fixed_484,19a24634-1552-4191-8f1c-01d96b059181,35.19134020805359,completed,7,0.16666666666666666
fixed_485,https://webshop.nfig.ai/fixed_485,798cd7c4-a132-4c21-bec4-78dbb163790c,46.20589637756348,completed,9,1.0
fixed_486,https://webshop.nfig.ai/fixed_486,50303f9b-c593-4b0a-a4ec-be25de6934d1,120.30206179618835,timeout,4,
fixed_487,https://webshop.nfig.ai/fixed_487,a54addc5-2605-4a90-b2ba-042e365265b3,42.20108675956726,completed,7,0.0
fixed_488,https://webshop.nfig.ai/fixed_488,405274bf-6246-4e83-92dd-dc91246232b9,32.18493032455444,completed,5,1.0
fixed_489,https://webshop.nfig.ai/fixed_489,12746bb1-279b-4a6c-866f-e2e6ef3b27e1,120.30485439300537,timeout,12,
fixed_490,https://webshop.nfig.ai/fixed_490,5051e729-840b-414d-839a-3a66f18be9e4,37.19397711753845,completed,7,0.75
fixed_491,https://webshop.nfig.ai/fixed_491,a3133487-7aa5-44fb-864f-8bc756c2c856,48.20912265777588,completed,8,0.6
fixed_492,https://webshop.nfig.ai/fixed_492,d15de98c-6836-48a4-a0db-ea4a70304ccd,54.21737217903137,completed,9,0.6666666666666666
fixed_493,https://webshop.nfig.ai/fixed_493,813ac030-4ff1-4125-afe1-07325aa88a1b,52.21235775947571,completed,5,0.5
fixed_494,https://webshop.nfig.ai/fixed_494,f274829d-9bb5-411c-ac9b-a55720f4cf78,120.33733010292053,timeout,4,
fixed_495,https://webshop.nfig.ai/fixed_495,f4c7d14d-a751-4769-add2-006216fe997b,45.202616930007935,completed,7,0.6666666666666666
fixed_496,https://webshop.nfig.ai/fixed_496,83d5d465-3355-49cd-ad98-52b136b9c905,120.303719997406,timeout,12,
fixed_497,https://webshop.nfig.ai/fixed_497,daa61d72-5ef7-4b95-9c4f-1151c3cd508e,120.30054211616516,timeout,2,
fixed_498,https://webshop.nfig.ai/fixed_498,e42703de-d09b-49ff-8863-714dd7448dc2,45.20008683204651,completed,6,1.0
fixed_499,https://webshop.nfig.ai/fixed_499,7f46a300-43c4-4301-8eb1-1a6e5c136e56,48.2108633518219,completed,6,1.0
fixed_500,https://webshop.nfig.ai/fixed_500,8e9eb691-0279-49b8-8027-bca0a5ef2402,120.28104543685913,timeout,0,
