session_id,url,nfig_session_id,duration,session_termination_reason,navigation_steps,session_score
fixed_51,https://webshop.nfig.ai/fixed_51,2afd19ad-8122-419f-b013-4be542f5b4d0,32.18149161338806,completed,5,0.75
fixed_52,https://webshop.nfig.ai/fixed_52,7c06d0fc-d931-45cd-b77c-de5de5c5cfdf,120.3158597946167,timeout,5,
fixed_53,https://webshop.nfig.ai/fixed_53,03671366-2d79-4663-a163-34ded1531e89,27.17426586151123,completed,5,0.6666666666666666
fixed_54,https://webshop.nfig.ai/fixed_54,05be3b22-0199-47df-b9e9-d5b5b83e6aa7,49.2069308757782,completed,10,1.0
fixed_55,https://webshop.nfig.ai/fixed_55,b184e92d-1190-4032-b197-4aa722f19bf3,43.195382833480835,completed,8,1.0
fixed_56,https://webshop.nfig.ai/fixed_56,0c4ea90f-95d1-4d35-b8fc-6dc742facfc0,27.177053213119507,completed,5,0.05
fixed_57,https://webshop.nfig.ai/fixed_57,ceff28f6-eaec-4cf3-a61a-654cef977e11,48.20414328575134,completed,7,1.0
fixed_58,https://webshop.nfig.ai/fixed_58,0b32074c-ad32-435b-acd8-0acd4271e175,120.30504751205444,timeout,8,
fixed_59,https://webshop.nfig.ai/fixed_59,553e6e44-92ec-46b5-a0e2-4c3c11604933,41.19849371910095,completed,7,1.0
fixed_60,https://webshop.nfig.ai/fixed_60,6a898d29-0ba5-4fda-9d92-0e2b26ee6f53,38.20366835594177,completed,7,0.6666666666666666
fixed_61,https://webshop.nfig.ai/fixed_61,d7f51158-d9ae-4f04-968d-11eb04667a74,58.218024253845215,completed,5,0.6666666666666666
fixed_62,https://webshop.nfig.ai/fixed_62,adc48eb0-ecf6-42f5-be7a-0247a44b5c21,28.17793345451355,completed,5,0.6666666666666666
fixed_63,https://webshop.nfig.ai/fixed_63,e513da00-ccaa-41c5-b2db-06ababfc7089,40.19504523277283,completed,7,0.75
fixed_64,https://webshop.nfig.ai/fixed_64,86b168af-550d-4a48-ad6b-99bf44f446a3,33.1862678527832,completed,5,0.2
fixed_65,https://webshop.nfig.ai/fixed_65,9f257141-22a1-4dfd-bf48-a31ed9ba3da8,30.183334589004517,completed,5,0.6666666666666666
fixed_66,https://webshop.nfig.ai/fixed_66,caae1abc-63a4-4da9-98e6-b35638b29eae,70.24262285232544,completed,9,0.6666666666666666
fixed_67,https://webshop.nfig.ai/fixed_67,36972d02-106d-4d8f-b3a3-ccfa33960548,44.20384693145752,completed,7,1.0
fixed_68,https://webshop.nfig.ai/fixed_68,fadc3d18-f84e-4cc0-895c-92a4f51eeb1c,75.24495148658752,completed,5,0.5
fixed_69,https://webshop.nfig.ai/fixed_69,2b733010-20f4-495a-89b7-858fd3cd12a2,33.18683099746704,completed,5,0.6666666666666666
fixed_70,https://webshop.nfig.ai/fixed_70,f5fbe32f-e579-4fc0-861e-259f94c20c2f,59.22033143043518,completed,8,0.5
fixed_71,https://webshop.nfig.ai/fixed_71,67cc2a7e-2c03-43d2-a5ae-7dbe6541f7f2,37.21765995025635,completed,7,1.0
fixed_72,https://webshop.nfig.ai/fixed_72,d3f22ccc-ec0a-4bcf-8e86-65657db9fda6,31.18374800682068,completed,7,0.6666666666666666
fixed_73,https://webshop.nfig.ai/fixed_73,d565c01f-d7be-4f47-a735-4ec9f7866d79,58.219443559646606,completed,7,1.0
fixed_74,https://webshop.nfig.ai/fixed_74,c534fc22-a068-4adc-a71b-416d98ca7ab7,120.29668378829956,timeout,2,
fixed_75,https://webshop.nfig.ai/fixed_75,88a430be-f973-4acf-9048-ca678820e610,27.1768159866333,completed,5,0.5
fixed_76,https://webshop.nfig.ai/fixed_76,ba247aa9-b60c-40dc-99c5-e4132e086eed,37.198508501052856,completed,7,1.0
fixed_77,https://webshop.nfig.ai/fixed_77,b55ea142-0a1c-464e-b055-5e0743537898,27.176979541778564,completed,6,1.0
fixed_78,https://webshop.nfig.ai/fixed_78,ab490713-07ba-4ed1-b166-7a65b1fc1a41,54.219016551971436,completed,9,1.0
fixed_79,https://webshop.nfig.ai/fixed_79,37480d4e-df0d-49e4-8c80-6b0ee42eb0f5,28.179255723953247,completed,5,0.6666666666666666
fixed_80,https://webshop.nfig.ai/fixed_80,04ba0c23-4b97-441a-8935-fd2bb58e2e68,28.17890477180481,completed,5,0.6666666666666666
fixed_81,https://webshop.nfig.ai/fixed_81,97567af2-8e64-4e45-a2fe-d98ad8b889e3,74.24351739883423,completed,7,0.0
fixed_82,https://webshop.nfig.ai/fixed_82,f71ada63-fc06-48e1-b0a3-73aa2a746b19,89.25908780097961,completed,12,1.0
fixed_83,https://webshop.nfig.ai/fixed_83,0e8be570-1ac5-4096-883c-e596722cf536,120.29894018173218,timeout,2,
fixed_84,https://webshop.nfig.ai/fixed_84,7997e1b1-58c9-46c2-bd15-c7c2b2d0bb1b,36.18978929519653,completed,5,1.0
fixed_85,https://webshop.nfig.ai/fixed_85,200621bd-d6ca-4dd4-9b9c-b6c33fe1e3e4,120.29324913024902,timeout,2,
fixed_86,https://webshop.nfig.ai/fixed_86,8219b468-2bb9-443a-bf11-612654cf6a0d,38.19224810600281,completed,6,0.75
fixed_87,https://webshop.nfig.ai/fixed_87,32ebee9a-4dc8-4789-93b8-98dd9d9b3f3c,24.172460317611694,completed,5,0.6666666666666666
fixed_88,https://webshop.nfig.ai/fixed_88,77a792ce-6339-4361-b7f2-9daacc0d9a73,39.190709590911865,completed,7,1.0
fixed_89,https://webshop.nfig.ai/fixed_89,8560d45c-4f0a-430f-a670-c80bfff8dd31,27.178396463394165,completed,5,1.0
fixed_90,https://webshop.nfig.ai/fixed_90,f54365f9-341e-4ef4-ae03-7bb82d933ae8,44.201910734176636,completed,6,0.75
fixed_91,https://webshop.nfig.ai/fixed_91,604d81a5-9645-4e3b-b5e9-bd5697bb60ec,34.18245506286621,completed,5,0.3
fixed_92,https://webshop.nfig.ai/fixed_92,20e92cf1-e28f-4ab4-9d6e-d9ce51534a42,35.18551182746887,completed,6,1.0
fixed_93,https://webshop.nfig.ai/fixed_93,d168298e-42bc-47ae-b5a2-67dd0789231e,24.17073345184326,completed,5,1.0
fixed_94,https://webshop.nfig.ai/fixed_94,d62f4f6f-1ea5-4fde-b03d-453a721bc6b9,120.29682660102844,timeout,2,
fixed_95,https://webshop.nfig.ai/fixed_95,c426aab5-8ac8-4cf7-9b64-829dac8a41cc,36.18369269371033,completed,6,1.0
fixed_96,https://webshop.nfig.ai/fixed_96,33af0f20-58a5-4d12-b68b-89e421854f91,28.177457809448242,completed,5,0.3333333333333333
fixed_97,https://webshop.nfig.ai/fixed_97,26e023fd-ee4f-4e14-a9bf-522deaa8e5db,120.29447889328003,timeout,2,
fixed_98,https://webshop.nfig.ai/fixed_98,a0fe7b03-9257-494e-a4dc-2023ecf353ff,39.19013452529907,completed,7,1.0
fixed_99,https://webshop.nfig.ai/fixed_99,138a74cf-1113-4545-ab7a-586ed2cf9dab,37.19054388999939,completed,7,1.0
fixed_100,https://webshop.nfig.ai/fixed_100,344ab3ad-80ea-468d-a880-e845565d7d1c,48.207194566726685,completed,8,1.0
fixed_101,https://webshop.nfig.ai/fixed_101,c58307ad-76a7-4e66-9ed1-d0d505bbb9da,43.19953513145447,completed,8,0.75
fixed_102,https://webshop.nfig.ai/fixed_102,32c184ec-a4ef-478e-b642-914c3349aaea,40.20255494117737,completed,5,0.0
fixed_103,https://webshop.nfig.ai/fixed_103,318c2668-0c0e-4fdc-9e3f-41a4aa2efb91,33.18279576301575,completed,5,0.5
fixed_104,https://webshop.nfig.ai/fixed_104,2fe2caf7-f6d9-4256-b3fe-7a6f2421dda3,37.1876802444458,completed,7,0.6666666666666666
fixed_105,https://webshop.nfig.ai/fixed_105,0eb0b4dc-81bc-420b-b9a7-9992fdbe06c6,35.18817758560181,completed,6,1.0
fixed_106,https://webshop.nfig.ai/fixed_106,1766cdae-a05a-4c12-aefb-8901644131f0,58.21586871147156,completed,8,0.3333333333333333
fixed_107,https://webshop.nfig.ai/fixed_107,d45cd54e-8df8-4431-a577-96311688104f,27.173763751983643,completed,5,0.5
fixed_108,https://webshop.nfig.ai/fixed_108,58883360-1648-447b-9ab0-66d32bed740b,41.190972089767456,completed,6,0.6666666666666666
fixed_109,https://webshop.nfig.ai/fixed_109,4fc5b887-6672-475a-aa05-785f6199d3fd,109.28562521934509,completed,11,1.0
fixed_110,https://webshop.nfig.ai/fixed_110,713a6a27-9846-4842-add7-1a63096a1a4e,28.175498485565186,completed,5,1.0
fixed_111,https://webshop.nfig.ai/fixed_111,e9a6b5b8-4bb3-4e28-ad2b-6da47afb4c1e,26.172982692718506,completed,5,0.5
fixed_112,https://webshop.nfig.ai/fixed_112,bd3ed2af-40b9-48a5-ba35-e22fb854185a,120.30112266540527,timeout,2,
fixed_113,https://webshop.nfig.ai/fixed_113,debb42cc-e515-48cc-9cb3-80c6b894861b,27.173722982406616,completed,5,0.5
fixed_114,https://webshop.nfig.ai/fixed_114,e8e16252-29ba-45c3-bf9a-bd9d98b211b4,120.29722237586975,timeout,13,
fixed_115,https://webshop.nfig.ai/fixed_115,c6d88802-5184-4ad4-bb84-4799968c31c9,34.19154644012451,completed,6,0.5
fixed_116,https://webshop.nfig.ai/fixed_116,befc6a0d-1d42-4a11-8746-1d8add8a3579,31.188089847564697,completed,5,0.75
fixed_117,https://webshop.nfig.ai/fixed_117,c7c6e69c-3d71-4247-992f-de5b9cfe6840,36.189900636672974,completed,7,1.0
fixed_118,https://webshop.nfig.ai/fixed_118,416a1852-4822-4a92-b13a-bdcabd506bff,50.204838037490845,completed,8,0.5
fixed_119,https://webshop.nfig.ai/fixed_119,850377de-d925-43b8-9e43-9e87cd7bb01a,33.181249380111694,completed,5,0.6
fixed_120,https://webshop.nfig.ai/fixed_120,3fff6a54-5344-47b1-9334-9652cacfe49a,29.180421113967896,completed,6,0.0
fixed_121,https://webshop.nfig.ai/fixed_121,520638a3-d8e1-4a2b-afec-726bfe207914,63.22200632095337,completed,9,0.03333333333333333
fixed_122,https://webshop.nfig.ai/fixed_122,23e42c0f-9e9c-4f48-bacf-b324d1e3b32b,36.19324851036072,completed,5,0.5
fixed_123,https://webshop.nfig.ai/fixed_123,a8972eec-c4f0-43a7-8ddc-24b71cc015ed,38.18992829322815,completed,7,0.75
fixed_124,https://webshop.nfig.ai/fixed_124,c3dc4761-e205-4137-bd43-db43c7052db6,43.195894956588745,completed,7,0.5
fixed_125,https://webshop.nfig.ai/fixed_125,95e50a05-0832-4a79-b7b8-3c5d72a512f2,40.189430475234985,completed,7,0.3333333333333333
fixed_126,https://webshop.nfig.ai/fixed_126,e6708c59-1def-471b-a35e-d8163682e9b0,120.29735898971558,timeout,6,
fixed_127,https://webshop.nfig.ai/fixed_127,85dc903d-7059-4baa-922f-4cb574fbe959,120.30154275894165,timeout,4,
fixed_128,https://webshop.nfig.ai/fixed_128,9b066183-5953-4296-99fb-b385e9bd0c15,42.196845054626465,completed,8,1.0
fixed_129,https://webshop.nfig.ai/fixed_129,4d2b0915-84b7-4915-bfac-334dd9f92c7d,34.18344736099243,completed,6,1.0
fixed_130,https://webshop.nfig.ai/fixed_130,77f2e290-3dc4-49d1-a239-ec5304e38e04,82.25211882591248,completed,9,1.0
fixed_131,https://webshop.nfig.ai/fixed_131,03e46287-297c-49cf-8b28-18cb7a0b2fb9,38.18910264968872,completed,6,1.0
fixed_132,https://webshop.nfig.ai/fixed_132,2ecf9811-aa01-4c69-bbdc-aadd4fc367e8,119.29640316963196,completed,9,0.0
fixed_133,https://webshop.nfig.ai/fixed_133,e90d4ec1-18dc-4342-a9c2-9e856424db0e,37.186614990234375,completed,5,0.5
fixed_134,https://webshop.nfig.ai/fixed_134,331dae86-57a7-4337-9471-09f53a8f833c,43.196184158325195,completed,7,0.8333333333333334
fixed_135,https://webshop.nfig.ai/fixed_135,2d7f8831-cf25-4d47-ae60-de9f7d37b912,33.17681431770325,completed,7,0.6666666666666666
fixed_136,https://webshop.nfig.ai/fixed_136,6c912a6a-958d-4d48-ac68-8aa2483b1a50,33.184430837631226,completed,5,0.6666666666666666
fixed_137,https://webshop.nfig.ai/fixed_137,b93383a2-2279-48ec-8711-64445ed6d8cc,65.23453068733215,completed,8,0.5
fixed_138,https://webshop.nfig.ai/fixed_138,09533b28-decf-4c3e-8f27-97bf22c259a2,79.24246668815613,completed,11,0.1
fixed_139,https://webshop.nfig.ai/fixed_139,b07c5492-7853-4ad1-b900-7583190e4794,120.29465246200562,timeout,9,
fixed_140,https://webshop.nfig.ai/fixed_140,2d88e4d2-8ca1-467f-ab2d-89ffca925767,50.20064091682434,completed,10,1.0
fixed_141,https://webshop.nfig.ai/fixed_141,62838590-009f-4cb7-bd79-96cad31aca29,39.18852114677429,completed,7,1.0
fixed_142,https://webshop.nfig.ai/fixed_142,a8c8c750-aa8f-4c9b-9606-0c6a7eaabe8a,61.219929695129395,completed,8,0.6
fixed_143,https://webshop.nfig.ai/fixed_143,45c9db24-b366-4ced-adf9-2bb27c2304bc,37.188077211380005,completed,6,1.0
fixed_144,https://webshop.nfig.ai/fixed_144,eaf98f07-7409-41f4-863b-c8998307a6a6,41.19526672363281,completed,7,0.6666666666666666
fixed_145,https://webshop.nfig.ai/fixed_145,261d2a5a-6829-4e0b-b7cd-c80662f649fb,34.185924768447876,completed,6,0.5
fixed_146,https://webshop.nfig.ai/fixed_146,741c253b-4474-470e-931f-d4fef3e0449d,31.180941343307495,completed,5,1.0
fixed_147,https://webshop.nfig.ai/fixed_147,f5a00bd5-a47f-48c4-9836-2222c76771f2,27.177353382110596,completed,5,0.3333333333333333
fixed_148,https://webshop.nfig.ai/fixed_148,da8197fc-5c6a-40fc-a87f-59e22d3f7e6a,29.177273273468018,completed,5,0.3333333333333333
fixed_149,https://webshop.nfig.ai/fixed_149,7d7b4f08-c73f-4a89-afe7-bf79faa392fd,39.19423747062683,completed,7,0.75
fixed_150,https://webshop.nfig.ai/fixed_150,88cd45e8-22a1-4942-a471-b93594bc2854,35.18536591529846,completed,6,0.42857142857142855
fixed_151,https://webshop.nfig.ai/fixed_151,881e1072-eb66-4241-bcec-3c968b09369f,32.17859864234924,completed,6,0.75
fixed_152,https://webshop.nfig.ai/fixed_152,8486e070-3d54-4cc0-8056-4199d3cbda1b,26.172205686569214,completed,5,0.6666666666666666
fixed_153,https://webshop.nfig.ai/fixed_153,363d6548-03eb-413e-b6d9-84678d2c593c,33.18108081817627,completed,6,1.0
fixed_154,https://webshop.nfig.ai/fixed_154,c77f47b1-e2c9-4b6e-8220-1d71b9e15fbc,34.18855309486389,completed,6,0.5
fixed_155,https://webshop.nfig.ai/fixed_155,0883c44e-9cbb-441d-a661-d85a2f81eff0,46.201186180114746,completed,6,1.0
fixed_156,https://webshop.nfig.ai/fixed_156,7d16bcfd-1123-4c64-8e49-2c0b1cf04576,44.197344064712524,completed,7,1.0
fixed_157,https://webshop.nfig.ai/fixed_157,2c43c81d-f3d6-44ad-a5d2-841f48c90b55,48.206313610076904,completed,8,1.0
fixed_158,https://webshop.nfig.ai/fixed_158,d24d7c2e-1839-407a-b2a6-4edd205c1f8b,32.178157806396484,completed,5,0.6666666666666666
fixed_159,https://webshop.nfig.ai/fixed_159,e2230e21-c024-435c-b486-3e41863e9f1f,43.1959011554718,completed,6,1.0
fixed_160,https://webshop.nfig.ai/fixed_160,668904af-6105-4334-9207-d1c802970307,33.178176403045654,completed,5,0.5
fixed_161,https://webshop.nfig.ai/fixed_161,e923ae83-f0d0-41ab-8f10-a7b28fd7874e,21.168541193008423,completed,5,0.5
fixed_162,https://webshop.nfig.ai/fixed_162,9722b5fd-4793-434c-b400-122eaa6b1dbc,40.188355922698975,completed,8,0.6666666666666666
fixed_163,https://webshop.nfig.ai/fixed_163,d3143d25-5660-4fc5-95ef-fb689f988107,39.18967032432556,completed,7,0.5
fixed_164,https://webshop.nfig.ai/fixed_164,dd6dabd8-c82b-477a-b67c-32cc5e5d9867,26.173256158828735,completed,5,0.6666666666666666
fixed_165,https://webshop.nfig.ai/fixed_165,cd9a6a87-c710-47fb-bf6c-68637a75ea3b,120.29751706123352,timeout,6,
fixed_166,https://webshop.nfig.ai/fixed_166,57a4e666-92cb-4bd8-bbb1-ed14da4ccf3a,38.186052322387695,completed,8,0.25
fixed_167,https://webshop.nfig.ai/fixed_167,17738b73-8757-4cbd-a089-4969756cde61,30.182969331741333,completed,5,0.0
fixed_168,https://webshop.nfig.ai/fixed_168,d053378d-a982-475d-aa60-3d739b2cf31e,32.17934823036194,completed,5,0.3333333333333333
fixed_169,https://webshop.nfig.ai/fixed_169,904a34ee-4d7e-4b72-a75d-4437ea10e765,30.17777967453003,completed,5,0.6666666666666666
fixed_170,https://webshop.nfig.ai/fixed_170,68d82f74-77e1-40e1-a3c8-46bb01fd30cc,40.192819118499756,completed,5,0.0
fixed_171,https://webshop.nfig.ai/fixed_171,3167057f-f449-4123-a5c7-588105952562,120.29917311668396,timeout,7,
fixed_172,https://webshop.nfig.ai/fixed_172,835d0426-00ff-4b53-a926-f5f12d4897a6,31.17644762992859,completed,5,0.75
fixed_173,https://webshop.nfig.ai/fixed_173,aab2ef57-f955-4751-a366-e56aa6ed00a7,30.18256378173828,completed,5,1.0
fixed_174,https://webshop.nfig.ai/fixed_174,75d9c0c5-c7e7-4f68-8e7e-36573590e63d,120.29740762710571,timeout,9,
fixed_175,https://webshop.nfig.ai/fixed_175,bdf67634-f84e-4a26-bc3d-a5107f8436e5,64.22665095329285,completed,7,0.06666666666666667
fixed_176,https://webshop.nfig.ai/fixed_176,a6d2f612-7ac5-4c53-b2ab-77bd150a973f,120.29255390167236,timeout,4,
fixed_177,https://webshop.nfig.ai/fixed_177,f992f962-b062-4698-9422-15bd8f3662ba,38.19110345840454,completed,6,1.0
fixed_178,https://webshop.nfig.ai/fixed_178,262fda2d-1a5c-4e36-b0e4-3c798a4617c8,39.189284324645996,completed,7,1.0
fixed_179,https://webshop.nfig.ai/fixed_179,37215e21-598b-41a1-bad0-74a30bfe2694,120.30659174919128,timeout,5,
fixed_180,https://webshop.nfig.ai/fixed_180,f75a5f67-80a9-4e69-84b3-bd9d435e677c,32.179980516433716,completed,5,1.0
fixed_181,https://webshop.nfig.ai/fixed_181,5fd3658c-f6dd-4d64-807e-79fcf720422a,35.186893939971924,completed,7,1.0
fixed_182,https://webshop.nfig.ai/fixed_182,964fb08b-19c0-411e-acb5-1a5801bb02a6,120.29945588111877,timeout,2,
fixed_183,https://webshop.nfig.ai/fixed_183,095b6724-56b5-48ec-9305-ceb2224409a8,36.184873819351196,completed,7,0.6666666666666666
fixed_184,https://webshop.nfig.ai/fixed_184,e2e9e37c-3ff7-4259-9e8b-d11cec3c7d0a,120.29492831230164,timeout,14,
fixed_185,https://webshop.nfig.ai/fixed_185,ecf911d4-ac01-494b-8f9b-9678620bc7c6,51.20227360725403,completed,10,1.0
fixed_186,https://webshop.nfig.ai/fixed_186,0a5bb1fe-559f-422f-bd3f-68343b9632b4,71.23028302192688,completed,9,1.0
fixed_187,https://webshop.nfig.ai/fixed_187,279390bb-bf98-4395-bc46-268da3eed06f,77.23739910125732,completed,7,0.6666666666666666
fixed_188,https://webshop.nfig.ai/fixed_188,8cb8a163-5b59-4bdf-a782-34774b0fdfe9,58.21470046043396,completed,5,0.6666666666666666
fixed_189,https://webshop.nfig.ai/fixed_189,17dccc47-af80-418b-bc80-cfc930e99092,47.20346140861511,completed,8,1.0
fixed_190,https://webshop.nfig.ai/fixed_190,5198303d-c5ac-4275-8cdd-8a87f1915927,48.20470690727234,completed,9,0.6666666666666666
fixed_191,https://webshop.nfig.ai/fixed_191,b466d1cb-b563-4796-a870-f4cdf4c4452b,49.200621366500854,completed,9,0.3333333333333333
fixed_192,https://webshop.nfig.ai/fixed_192,c913679f-cbcf-4166-8be6-27142f9cf45f,53.20638656616211,completed,9,0.75
fixed_193,https://webshop.nfig.ai/fixed_193,a23c1059-9470-45c2-94fb-8ccbeebb83cb,38.1892831325531,completed,7,1.0
fixed_194,https://webshop.nfig.ai/fixed_194,c154426d-51ce-4927-aacf-f424685f8cc0,46.201767444610596,completed,7,1.0
fixed_195,https://webshop.nfig.ai/fixed_195,30437a28-96eb-48b1-966c-b2fb48894346,37.186474323272705,completed,7,0.6666666666666666
fixed_196,https://webshop.nfig.ai/fixed_196,74f90f53-2d98-49a1-b752-2d1bda16f674,31.179035663604736,completed,5,1.0
fixed_197,https://webshop.nfig.ai/fixed_197,91e12b01-31e0-42eb-80a4-8b32e4b28036,58.2192656993866,completed,7,1.0
fixed_198,https://webshop.nfig.ai/fixed_198,d6ce2ed2-5c28-4885-ba00-90f0f8e616c3,30.180585384368896,completed,5,0.6666666666666666
fixed_199,https://webshop.nfig.ai/fixed_199,12240203-6cba-4891-8281-c77e9b534327,120.30209493637085,timeout,2,
fixed_200,https://webshop.nfig.ai/fixed_200,8f12e0a6-c502-4860-90fe-08038e41bfbd,47.2074248790741,completed,9,0.6666666666666666
